,Credit_amount,Employment,Age,Housing,Existing_credits,Job,Own_telephone,Foreign_worker,Class
0,1169.0,>=7,67.0,own,2,skilled,yes,yes,1
1,5951.0,1<=X<4,22.0,own,1,skilled,none,yes,0
2,2096.0,4<=X<7,49.0,own,1,unskilled resident,none,yes,1
3,7882.0,4<=X<7,45.0,for free,1,skilled,none,yes,1
4,4870.0,1<=X<4,53.0,for free,2,skilled,none,yes,0
5,9055.0,1<=X<4,35.0,for free,1,unskilled resident,yes,yes,1
6,2835.0,>=7,53.0,own,1,skilled,none,yes,1
7,6948.0,1<=X<4,35.0,rent,1,high qualif/self emp/mgmt,yes,yes,1
8,3059.0,4<=X<7,61.0,own,1,unskilled resident,none,yes,1
9,5234.0,unemployed,28.0,own,2,high qualif/self emp/mgmt,none,yes,0
10,1295.0,<1,25.0,rent,1,skilled,none,yes,0
11,4308.0,<1,24.0,rent,1,skilled,none,yes,0
12,1567.0,1<=X<4,22.0,own,1,skilled,yes,yes,1
13,1199.0,>=7,60.0,own,2,unskilled resident,none,yes,0
14,1403.0,1<=X<4,28.0,rent,1,skilled,none,yes,1
15,1282.0,1<=X<4,32.0,own,1,unskilled resident,none,yes,0
16,2424.0,>=7,53.0,own,2,skilled,none,yes,1
17,8072.0,<1,25.0,own,3,skilled,none,yes,1
18,12579.0,>=7,44.0,for free,1,high qualif/self emp/mgmt,yes,yes,0
19,3430.0,>=7,31.0,own,1,skilled,yes,yes,1
20,2134.0,1<=X<4,48.0,own,3,skilled,yes,yes,1
21,2647.0,1<=X<4,44.0,rent,1,skilled,none,yes,1
22,2241.0,<1,48.0,rent,2,unskilled resident,none,no,1
23,1804.0,<1,44.0,own,1,skilled,none,yes,1
24,2069.0,1<=X<4,26.0,own,2,skilled,none,no,1
25,1374.0,1<=X<4,36.0,own,1,unskilled resident,yes,yes,1
26,426.0,>=7,39.0,own,1,unskilled resident,none,yes,1
27,409.0,1<=X<4,42.0,rent,2,skilled,none,yes,1
28,2415.0,1<=X<4,34.0,own,1,skilled,none,yes,1
29,6836.0,>=7,63.0,own,2,skilled,yes,yes,0
30,1913.0,<1,36.0,own,1,skilled,yes,yes,1
31,4020.0,1<=X<4,27.0,own,1,skilled,none,yes,1
32,5866.0,1<=X<4,30.0,own,2,skilled,yes,yes,1
33,1264.0,>=7,57.0,rent,1,unskilled resident,none,yes,1
34,1474.0,<1,33.0,own,1,high qualif/self emp/mgmt,yes,yes,1
35,4746.0,<1,25.0,own,2,unskilled resident,none,yes,0
36,6110.0,1<=X<4,31.0,for free,1,skilled,yes,yes,1
37,2100.0,1<=X<4,37.0,own,1,skilled,none,yes,0
38,1225.0,1<=X<4,37.0,own,1,skilled,yes,yes,1
39,458.0,1<=X<4,24.0,own,1,skilled,none,yes,1
40,2333.0,>=7,30.0,own,1,high qualif/self emp/mgmt,none,yes,1
41,1158.0,1<=X<4,26.0,own,1,skilled,yes,yes,1
42,6204.0,1<=X<4,44.0,own,1,unskilled resident,yes,yes,1
43,6187.0,4<=X<7,24.0,rent,2,skilled,none,yes,1
44,6143.0,>=7,58.0,for free,2,unskilled resident,none,yes,0
45,1393.0,<1,35.0,own,2,high qualif/self emp/mgmt,none,yes,1
46,2299.0,>=7,39.0,own,1,skilled,none,yes,1
47,1352.0,unemployed,23.0,rent,1,unemp/unskilled non res,yes,yes,1
48,7228.0,1<=X<4,39.0,own,2,unskilled resident,none,yes,1
49,2073.0,1<=X<4,28.0,own,1,skilled,none,yes,1
50,2333.0,<1,29.0,own,1,unskilled resident,none,yes,1
51,5965.0,>=7,30.0,own,2,high qualif/self emp/mgmt,yes,yes,1
52,1262.0,1<=X<4,25.0,own,1,skilled,none,yes,1
53,3378.0,1<=X<4,31.0,own,1,skilled,yes,yes,1
54,2225.0,>=7,57.0,for free,2,skilled,yes,yes,0
55,783.0,1<=X<4,26.0,own,1,unskilled resident,none,yes,1
56,6468.0,unemployed,52.0,own,1,high qualif/self emp/mgmt,yes,yes,0
57,9566.0,1<=X<4,31.0,own,2,skilled,none,yes,1
58,1961.0,>=7,23.0,own,1,high qualif/self emp/mgmt,none,yes,1
59,6229.0,<1,23.0,rent,2,unskilled resident,yes,yes,0
60,1391.0,1<=X<4,27.0,own,1,skilled,yes,yes,1
61,1537.0,>=7,50.0,own,2,skilled,yes,yes,1
62,1953.0,>=7,61.0,for free,1,high qualif/self emp/mgmt,yes,yes,0
63,14421.0,1<=X<4,25.0,own,1,skilled,yes,yes,0
64,3181.0,<1,26.0,own,1,skilled,yes,yes,1
65,5190.0,>=7,48.0,own,4,skilled,yes,yes,1
66,2171.0,<1,29.0,own,1,skilled,none,yes,1
67,1007.0,1<=X<4,22.0,own,1,skilled,none,yes,1
68,1819.0,1<=X<4,37.0,for free,1,skilled,yes,yes,0
69,2394.0,1<=X<4,25.0,own,1,skilled,none,yes,1
70,8133.0,1<=X<4,30.0,own,1,skilled,none,yes,1
71,730.0,>=7,46.0,rent,2,unskilled resident,yes,yes,1
72,1164.0,>=7,51.0,for free,2,high qualif/self emp/mgmt,yes,yes,1
73,5954.0,4<=X<7,41.0,own,2,unskilled resident,none,yes,1
74,1977.0,>=7,40.0,own,1,high qualif/self emp/mgmt,yes,yes,0
75,1526.0,>=7,66.0,for free,2,high qualif/self emp/mgmt,none,yes,1
76,3965.0,<1,34.0,own,1,skilled,none,yes,0
77,4771.0,4<=X<7,51.0,own,1,skilled,none,yes,1
78,9436.0,1<=X<4,39.0,own,1,unskilled resident,none,yes,1
79,3832.0,<1,22.0,own,1,skilled,none,yes,1
80,5943.0,<1,44.0,own,2,skilled,yes,yes,0
81,1213.0,>=7,47.0,own,1,skilled,yes,yes,1
82,1568.0,1<=X<4,24.0,rent,1,unskilled resident,none,yes,1
83,1755.0,>=7,58.0,own,1,unskilled resident,yes,yes,1
84,2315.0,>=7,52.0,own,1,unskilled resident,none,yes,1
85,1412.0,1<=X<4,29.0,own,2,high qualif/self emp/mgmt,yes,yes,1
86,1295.0,<1,27.0,own,2,skilled,none,yes,1
87,12612.0,1<=X<4,47.0,for free,1,skilled,yes,yes,0
88,2249.0,4<=X<7,30.0,own,1,high qualif/self emp/mgmt,yes,yes,1
89,1108.0,4<=X<7,28.0,own,2,skilled,none,yes,0
90,618.0,>=7,56.0,own,1,skilled,none,yes,1
91,1409.0,>=7,54.0,own,1,skilled,none,yes,1
92,797.0,>=7,33.0,own,1,unskilled resident,none,yes,0
93,3617.0,>=7,20.0,rent,2,skilled,none,yes,1
94,1318.0,>=7,54.0,own,1,skilled,yes,yes,1
95,15945.0,<1,58.0,rent,1,skilled,yes,yes,0
96,2012.0,4<=X<7,61.0,own,1,skilled,none,yes,1
97,2622.0,1<=X<4,34.0,own,1,skilled,none,yes,1
98,2337.0,>=7,36.0,own,1,skilled,none,yes,1
99,7057.0,4<=X<7,36.0,rent,2,high qualif/self emp/mgmt,yes,yes,1
100,1469.0,>=7,41.0,rent,1,unskilled resident,none,yes,1
101,2323.0,4<=X<7,24.0,rent,1,skilled,none,yes,1
102,932.0,1<=X<4,24.0,own,1,skilled,none,yes,1
103,1919.0,4<=X<7,35.0,rent,1,skilled,yes,yes,1
104,2445.0,<1,26.0,rent,1,skilled,yes,yes,1
105,11938.0,1<=X<4,39.0,own,2,high qualif/self emp/mgmt,yes,yes,0
106,6458.0,>=7,39.0,own,2,high qualif/self emp/mgmt,yes,yes,0
107,6078.0,4<=X<7,32.0,own,1,skilled,none,yes,1
108,7721.0,<1,30.0,own,1,skilled,yes,no,1
109,1410.0,>=7,35.0,own,1,skilled,yes,yes,1
110,1449.0,>=7,31.0,own,2,skilled,none,yes,1
111,392.0,<1,23.0,rent,1,skilled,yes,yes,1
112,6260.0,4<=X<7,28.0,rent,1,unskilled resident,none,yes,1
113,7855.0,1<=X<4,25.0,own,2,skilled,yes,yes,0
114,1680.0,>=7,35.0,own,1,skilled,none,yes,1
115,3578.0,>=7,47.0,own,1,skilled,yes,yes,1
116,7174.0,4<=X<7,30.0,own,1,high qualif/self emp/mgmt,yes,yes,0
117,2132.0,<1,27.0,rent,2,skilled,none,no,1
118,4281.0,1<=X<4,23.0,own,2,skilled,none,yes,0
119,2366.0,4<=X<7,36.0,own,1,high qualif/self emp/mgmt,yes,yes,1
120,1835.0,1<=X<4,25.0,own,2,skilled,yes,yes,0
121,3868.0,>=7,41.0,rent,2,high qualif/self emp/mgmt,yes,yes,1
122,1768.0,1<=X<4,24.0,rent,1,unskilled resident,none,yes,1
123,781.0,>=7,63.0,for free,2,skilled,yes,yes,1
124,1924.0,<1,27.0,rent,1,skilled,none,yes,0
125,2121.0,1<=X<4,30.0,own,2,skilled,none,yes,1
126,701.0,1<=X<4,40.0,own,1,unskilled resident,none,yes,1
127,639.0,1<=X<4,30.0,own,1,skilled,none,yes,0
128,1860.0,unemployed,34.0,own,2,high qualif/self emp/mgmt,yes,yes,1
129,3499.0,1<=X<4,29.0,own,2,skilled,none,yes,0
130,8487.0,4<=X<7,24.0,own,1,skilled,none,yes,1
131,6887.0,1<=X<4,29.0,own,1,skilled,yes,yes,0
132,2708.0,<1,27.0,own,2,unskilled resident,none,yes,1
133,1984.0,1<=X<4,47.0,for free,2,skilled,none,yes,1
134,10144.0,4<=X<7,21.0,own,1,skilled,yes,yes,1
135,1240.0,>=7,38.0,own,2,skilled,yes,yes,1
136,8613.0,1<=X<4,27.0,own,2,skilled,none,yes,1
137,766.0,1<=X<4,66.0,own,1,unskilled resident,none,yes,0
138,2728.0,4<=X<7,35.0,own,3,skilled,yes,yes,1
139,1881.0,1<=X<4,44.0,rent,1,unskilled resident,yes,yes,1
140,709.0,<1,27.0,own,1,unemp/unskilled non res,none,no,1
141,4795.0,<1,30.0,own,1,high qualif/self emp/mgmt,yes,yes,1
142,3416.0,1<=X<4,27.0,own,1,high qualif/self emp/mgmt,none,yes,1
143,2462.0,1<=X<4,22.0,own,1,skilled,none,yes,0
144,2288.0,<1,23.0,own,1,skilled,yes,yes,1
145,3566.0,4<=X<7,30.0,own,1,skilled,none,yes,1
146,860.0,>=7,39.0,own,2,skilled,yes,yes,1
147,682.0,4<=X<7,51.0,own,2,skilled,yes,yes,1
148,5371.0,1<=X<4,28.0,own,2,skilled,none,yes,1
149,1582.0,>=7,46.0,own,2,skilled,none,yes,1
150,1346.0,>=7,42.0,for free,1,skilled,yes,yes,1
151,1924.0,1<=X<4,38.0,own,1,skilled,yes,no,1
152,5848.0,1<=X<4,24.0,own,1,skilled,none,yes,1
153,7758.0,>=7,29.0,rent,1,skilled,none,yes,1
154,6967.0,4<=X<7,36.0,rent,1,high qualif/self emp/mgmt,yes,yes,1
155,1282.0,1<=X<4,20.0,rent,1,skilled,none,yes,0
156,1288.0,>=7,48.0,own,2,skilled,none,no,1
157,339.0,>=7,45.0,own,1,unskilled resident,none,yes,1
158,3512.0,4<=X<7,38.0,own,2,skilled,yes,yes,1
159,1898.0,1<=X<4,34.0,own,2,unskilled resident,none,yes,1
160,2872.0,>=7,36.0,own,1,skilled,yes,yes,1
161,1055.0,<1,30.0,own,2,skilled,none,yes,1
162,1262.0,4<=X<7,36.0,own,2,skilled,yes,yes,1
163,7308.0,unemployed,70.0,for free,1,high qualif/self emp/mgmt,yes,yes,1
164,909.0,>=7,36.0,own,1,skilled,none,yes,1
165,2978.0,1<=X<4,32.0,own,1,skilled,yes,yes,1
166,1131.0,unemployed,33.0,own,1,skilled,none,yes,0
167,1577.0,<1,20.0,own,1,skilled,none,yes,1
168,3972.0,4<=X<7,25.0,rent,1,skilled,yes,yes,1
169,1935.0,>=7,31.0,own,2,skilled,yes,yes,0
170,950.0,>=7,33.0,rent,2,skilled,none,yes,0
171,763.0,1<=X<4,26.0,own,1,skilled,yes,yes,1
172,2064.0,unemployed,34.0,own,1,high qualif/self emp/mgmt,yes,yes,0
173,1414.0,1<=X<4,33.0,own,1,skilled,none,no,1
174,3414.0,<1,26.0,own,2,skilled,none,yes,0
175,7485.0,unemployed,53.0,own,1,high qualif/self emp/mgmt,yes,yes,0
176,2577.0,1<=X<4,42.0,own,1,skilled,none,yes,1
177,338.0,>=7,52.0,own,2,skilled,none,yes,1
178,1963.0,4<=X<7,31.0,rent,2,high qualif/self emp/mgmt,yes,yes,1
179,571.0,>=7,65.0,own,2,skilled,none,yes,1
180,9572.0,<1,28.0,own,2,skilled,none,yes,0
181,4455.0,1<=X<4,30.0,own,2,high qualif/self emp/mgmt,yes,yes,0
182,1647.0,1<=X<4,40.0,own,2,unskilled resident,none,yes,0
183,3777.0,1<=X<4,50.0,own,1,skilled,yes,yes,1
184,884.0,>=7,36.0,own,1,skilled,yes,yes,0
185,1360.0,1<=X<4,31.0,own,2,skilled,none,yes,1
186,5129.0,>=7,74.0,for free,1,high qualif/self emp/mgmt,yes,yes,0
187,1175.0,unemployed,68.0,for free,3,unemp/unskilled non res,yes,yes,1
188,674.0,4<=X<7,20.0,own,1,skilled,none,yes,0
189,3244.0,1<=X<4,33.0,own,2,skilled,yes,yes,1
190,4591.0,1<=X<4,54.0,own,3,high qualif/self emp/mgmt,yes,yes,0
191,3844.0,4<=X<7,34.0,for free,1,unskilled resident,none,yes,0
192,3915.0,1<=X<4,36.0,own,1,skilled,yes,yes,0
193,2108.0,4<=X<7,29.0,rent,1,skilled,none,yes,1
194,3031.0,1<=X<4,21.0,rent,1,skilled,none,yes,0
195,1501.0,>=7,34.0,own,2,high qualif/self emp/mgmt,yes,yes,0
196,1382.0,1<=X<4,28.0,own,2,skilled,yes,yes,1
197,951.0,<1,27.0,rent,4,skilled,none,yes,0
198,2760.0,>=7,36.0,for free,1,skilled,yes,yes,1
199,4297.0,>=7,40.0,own,1,high qualif/self emp/mgmt,yes,yes,0
200,936.0,>=7,52.0,own,2,skilled,yes,yes,1
201,1168.0,1<=X<4,27.0,own,1,unskilled resident,none,yes,1
202,5117.0,4<=X<7,26.0,own,2,skilled,none,yes,1
203,902.0,4<=X<7,21.0,rent,1,skilled,none,yes,0
204,1495.0,>=7,38.0,own,2,unskilled resident,none,yes,1
205,10623.0,>=7,38.0,for free,3,high qualif/self emp/mgmt,yes,yes,1
206,1935.0,>=7,43.0,own,3,skilled,yes,yes,1
207,1424.0,4<=X<7,26.0,own,1,skilled,none,yes,1
208,6568.0,1<=X<4,21.0,own,1,unskilled resident,none,yes,1
209,1413.0,4<=X<7,55.0,own,1,skilled,none,no,1
210,3074.0,1<=X<4,33.0,own,2,skilled,none,yes,1
211,3835.0,>=7,45.0,own,1,unskilled resident,yes,yes,1
212,5293.0,unemployed,50.0,own,2,skilled,yes,yes,0
213,1908.0,>=7,66.0,own,1,high qualif/self emp/mgmt,yes,yes,0
214,3342.0,>=7,51.0,own,1,skilled,yes,yes,1
215,932.0,4<=X<7,39.0,own,2,unskilled resident,none,yes,1
216,3104.0,4<=X<7,31.0,own,1,skilled,yes,yes,1
217,3913.0,1<=X<4,23.0,own,1,skilled,yes,yes,1
218,3021.0,1<=X<4,24.0,rent,1,unskilled resident,none,yes,1
219,1364.0,1<=X<4,64.0,own,1,skilled,yes,yes,1
220,625.0,<1,26.0,own,1,unskilled resident,none,yes,1
221,1200.0,1<=X<4,23.0,rent,1,skilled,yes,yes,1
222,707.0,1<=X<4,30.0,own,2,skilled,none,yes,1
223,2978.0,1<=X<4,32.0,own,2,skilled,yes,yes,1
224,4657.0,1<=X<4,30.0,own,1,skilled,yes,yes,1
225,2613.0,1<=X<4,27.0,own,2,skilled,none,yes,1
226,10961.0,4<=X<7,27.0,own,2,skilled,yes,yes,0
227,7865.0,>=7,53.0,for free,1,high qualif/self emp/mgmt,yes,yes,0
228,1478.0,4<=X<7,22.0,own,1,skilled,none,yes,0
229,3149.0,<1,22.0,for free,1,skilled,none,yes,1
230,4210.0,1<=X<4,26.0,own,1,skilled,none,yes,0
231,2507.0,>=7,51.0,for free,1,unskilled resident,none,yes,1
232,2141.0,4<=X<7,35.0,own,1,skilled,none,yes,1
233,866.0,1<=X<4,25.0,own,1,unskilled resident,none,yes,1
234,1544.0,4<=X<7,42.0,own,3,unskilled resident,none,yes,1
235,1823.0,unemployed,30.0,own,1,high qualif/self emp/mgmt,none,yes,0
236,14555.0,unemployed,23.0,own,1,unemp/unskilled non res,yes,yes,0
237,2767.0,>=7,61.0,rent,2,unskilled resident,none,yes,0
238,1291.0,1<=X<4,35.0,own,2,skilled,none,yes,1
239,2522.0,>=7,39.0,own,1,skilled,none,yes,1
240,915.0,>=7,29.0,own,1,skilled,none,yes,0
241,1595.0,4<=X<7,51.0,own,1,skilled,none,yes,1
242,4605.0,>=7,24.0,for free,2,skilled,none,yes,0
243,1185.0,1<=X<4,27.0,own,2,skilled,none,yes,1
244,3447.0,1<=X<4,35.0,own,1,unskilled resident,none,yes,1
245,1258.0,4<=X<7,25.0,own,1,skilled,yes,yes,1
246,717.0,>=7,52.0,own,3,skilled,none,yes,1
247,1204.0,1<=X<4,35.0,rent,1,skilled,none,no,1
248,1925.0,1<=X<4,26.0,own,1,skilled,none,yes,1
249,433.0,unemployed,22.0,rent,1,skilled,none,yes,0
250,666.0,4<=X<7,39.0,own,2,unskilled resident,yes,yes,1
251,2251.0,1<=X<4,46.0,own,1,unskilled resident,none,yes,1
252,2150.0,1<=X<4,24.0,own,1,skilled,none,yes,0
253,4151.0,1<=X<4,35.0,own,2,skilled,none,yes,1
254,2030.0,4<=X<7,24.0,own,1,skilled,yes,yes,1
255,7418.0,1<=X<4,27.0,own,1,unskilled resident,none,yes,1
256,2684.0,1<=X<4,35.0,own,2,unskilled resident,none,yes,1
257,2149.0,1<=X<4,29.0,for free,1,skilled,none,yes,0
258,3812.0,<1,23.0,own,1,skilled,yes,yes,1
259,1154.0,unemployed,57.0,own,3,unskilled resident,none,yes,1
260,1657.0,1<=X<4,27.0,own,1,skilled,none,yes,1
261,1603.0,>=7,55.0,own,1,skilled,none,yes,1
262,5302.0,>=7,36.0,for free,3,high qualif/self emp/mgmt,yes,yes,1
263,2748.0,>=7,57.0,for free,3,unskilled resident,none,yes,1
264,1231.0,>=7,32.0,own,2,unskilled resident,none,no,1
265,802.0,>=7,37.0,own,1,skilled,none,yes,0
266,6304.0,>=7,36.0,own,2,skilled,none,yes,1
267,1533.0,<1,38.0,own,1,skilled,yes,yes,1
268,8978.0,>=7,45.0,own,1,high qualif/self emp/mgmt,yes,no,0
269,999.0,>=7,25.0,own,2,skilled,none,yes,1
270,2662.0,4<=X<7,32.0,own,1,skilled,none,no,1
271,1402.0,4<=X<7,37.0,rent,1,skilled,yes,yes,1
272,12169.0,unemployed,36.0,for free,1,high qualif/self emp/mgmt,yes,yes,1
273,3060.0,4<=X<7,28.0,own,2,skilled,none,yes,0
274,11998.0,<1,34.0,own,1,unskilled resident,yes,yes,0
275,2697.0,1<=X<4,32.0,own,1,skilled,none,yes,1
276,2404.0,1<=X<4,26.0,own,2,skilled,none,yes,1
277,1262.0,>=7,49.0,own,1,unskilled resident,yes,yes,1
278,4611.0,<1,32.0,own,1,skilled,none,yes,0
279,1901.0,1<=X<4,29.0,rent,1,high qualif/self emp/mgmt,yes,yes,1
280,3368.0,>=7,23.0,rent,2,skilled,yes,yes,1
281,1574.0,1<=X<4,50.0,own,1,skilled,none,yes,1
282,1445.0,4<=X<7,49.0,own,1,unskilled resident,none,yes,1
283,1520.0,>=7,63.0,own,1,skilled,none,yes,1
284,3878.0,<1,37.0,own,1,skilled,yes,yes,1
285,10722.0,<1,35.0,own,1,unskilled resident,yes,yes,1
286,4788.0,4<=X<7,26.0,own,1,skilled,none,yes,1
287,7582.0,unemployed,31.0,for free,1,high qualif/self emp/mgmt,yes,yes,1
288,1092.0,1<=X<4,49.0,own,2,skilled,yes,yes,1
289,1024.0,<1,48.0,own,1,skilled,none,yes,0
290,1076.0,1<=X<4,26.0,own,1,skilled,yes,no,1
291,9398.0,<1,28.0,rent,1,high qualif/self emp/mgmt,yes,yes,0
292,6419.0,>=7,44.0,for free,2,high qualif/self emp/mgmt,yes,yes,1
293,4796.0,>=7,56.0,for free,1,skilled,none,yes,1
294,7629.0,>=7,46.0,own,2,high qualif/self emp/mgmt,none,yes,1
295,9960.0,<1,26.0,own,1,skilled,yes,yes,0
296,4675.0,<1,20.0,rent,1,skilled,none,yes,1
297,1287.0,>=7,45.0,own,1,unskilled resident,none,no,1
298,2515.0,1<=X<4,43.0,own,1,skilled,yes,yes,1
299,2745.0,4<=X<7,32.0,own,2,skilled,yes,yes,1
300,672.0,unemployed,54.0,own,1,unemp/unskilled non res,yes,yes,1
301,3804.0,1<=X<4,42.0,own,1,skilled,yes,yes,0
302,1344.0,4<=X<7,37.0,own,2,unskilled resident,none,yes,0
303,1038.0,4<=X<7,49.0,own,2,skilled,yes,yes,1
304,10127.0,1<=X<4,44.0,for free,1,skilled,none,yes,0
305,1543.0,1<=X<4,33.0,own,1,skilled,none,yes,1
306,4811.0,4<=X<7,24.0,rent,1,unskilled resident,none,yes,1
307,727.0,<1,33.0,own,1,unskilled resident,yes,yes,0
308,1237.0,1<=X<4,24.0,own,1,skilled,none,yes,0
309,276.0,1<=X<4,22.0,rent,1,unskilled resident,none,yes,1
310,5381.0,unemployed,40.0,for free,1,unemp/unskilled non res,yes,yes,1
311,5511.0,1<=X<4,25.0,own,1,skilled,none,yes,1
312,3749.0,<1,26.0,own,1,skilled,none,yes,1
313,685.0,4<=X<7,25.0,own,1,unskilled resident,none,yes,0
314,1494.0,<1,29.0,own,1,unskilled resident,none,no,1
315,2746.0,>=7,31.0,own,1,skilled,none,yes,0
316,708.0,1<=X<4,38.0,own,1,unskilled resident,none,yes,1
317,4351.0,1<=X<4,48.0,own,1,unskilled resident,yes,yes,1
318,701.0,1<=X<4,32.0,own,2,skilled,none,yes,1
319,3643.0,>=7,27.0,own,2,unskilled resident,none,yes,1
320,4249.0,unemployed,28.0,own,2,high qualif/self emp/mgmt,none,yes,0
321,1938.0,<1,32.0,own,1,skilled,none,yes,0
322,2910.0,4<=X<7,34.0,for free,1,high qualif/self emp/mgmt,yes,yes,1
323,2659.0,1<=X<4,28.0,own,1,skilled,none,yes,1
324,1028.0,1<=X<4,36.0,own,2,skilled,none,yes,1
325,3398.0,4<=X<7,39.0,own,2,unskilled resident,none,no,1
326,5801.0,>=7,49.0,rent,1,skilled,yes,yes,1
327,1525.0,4<=X<7,34.0,own,1,skilled,yes,yes,1
328,4473.0,>=7,31.0,own,1,skilled,none,yes,1
329,1068.0,>=7,28.0,own,1,skilled,none,yes,1
330,6615.0,unemployed,75.0,for free,2,high qualif/self emp/mgmt,yes,yes,1
331,1864.0,1<=X<4,30.0,own,2,skilled,none,yes,0
332,7408.0,<1,24.0,own,1,high qualif/self emp/mgmt,none,yes,0
333,11590.0,1<=X<4,24.0,rent,2,unskilled resident,none,yes,0
334,4110.0,>=7,23.0,rent,2,skilled,none,yes,0
335,3384.0,1<=X<4,44.0,rent,1,high qualif/self emp/mgmt,yes,yes,0
336,2101.0,<1,23.0,own,1,unskilled resident,none,yes,1
337,1275.0,1<=X<4,24.0,rent,1,skilled,none,yes,0
338,4169.0,1<=X<4,28.0,own,1,skilled,none,yes,1
339,1521.0,1<=X<4,31.0,own,1,unskilled resident,none,yes,1
340,5743.0,<1,24.0,for free,2,skilled,yes,yes,1
341,3599.0,4<=X<7,26.0,rent,1,unskilled resident,none,yes,1
342,3213.0,<1,25.0,rent,1,skilled,none,yes,1
343,4439.0,>=7,33.0,own,1,high qualif/self emp/mgmt,yes,yes,1
344,3949.0,<1,37.0,own,1,unskilled resident,none,yes,1
345,1459.0,1<=X<4,43.0,own,1,unskilled resident,none,yes,1
346,882.0,<1,23.0,own,2,skilled,none,yes,1
347,3758.0,unemployed,23.0,rent,1,unemp/unskilled non res,none,yes,1
348,1743.0,1<=X<4,34.0,own,2,unskilled resident,none,yes,1
349,1136.0,>=7,32.0,for free,2,skilled,none,yes,0
350,1236.0,<1,23.0,rent,1,skilled,yes,yes,1
351,959.0,1<=X<4,29.0,own,1,skilled,none,no,0
352,3229.0,unemployed,38.0,own,1,high qualif/self emp/mgmt,yes,yes,1
353,6199.0,1<=X<4,28.0,rent,2,skilled,yes,yes,0
354,727.0,>=7,46.0,for free,1,skilled,yes,yes,1
355,1246.0,<1,23.0,own,1,unskilled resident,none,yes,0
356,2331.0,>=7,49.0,own,1,skilled,yes,yes,1
357,4463.0,1<=X<4,26.0,own,2,high qualif/self emp/mgmt,yes,yes,0
358,776.0,1<=X<4,28.0,own,1,skilled,none,yes,1
359,2406.0,4<=X<7,23.0,rent,1,skilled,none,yes,0
360,1239.0,1<=X<4,61.0,for free,1,skilled,none,yes,1
361,3399.0,>=7,37.0,own,1,high qualif/self emp/mgmt,none,yes,1
362,2247.0,1<=X<4,36.0,own,2,skilled,yes,yes,1
363,1766.0,1<=X<4,21.0,rent,1,skilled,none,yes,1
364,2473.0,unemployed,25.0,own,1,unemp/unskilled non res,none,yes,0
365,1542.0,4<=X<7,36.0,own,1,skilled,yes,yes,1
366,3850.0,4<=X<7,27.0,own,2,skilled,none,yes,1
367,3650.0,<1,22.0,rent,1,skilled,none,yes,1
368,3446.0,>=7,42.0,own,1,skilled,none,yes,0
369,3001.0,4<=X<7,40.0,rent,1,skilled,none,yes,1
370,3079.0,1<=X<4,36.0,own,1,skilled,none,yes,1
371,6070.0,>=7,33.0,own,2,skilled,yes,yes,1
372,2146.0,<1,23.0,rent,2,skilled,none,yes,1
373,13756.0,>=7,63.0,for free,1,high qualif/self emp/mgmt,yes,yes,1
374,14782.0,>=7,60.0,for free,2,high qualif/self emp/mgmt,yes,yes,0
375,7685.0,4<=X<7,37.0,rent,1,skilled,none,yes,0
376,2320.0,unemployed,34.0,own,2,skilled,none,yes,1
377,846.0,>=7,36.0,for free,1,skilled,none,yes,1
378,14318.0,>=7,57.0,for free,1,high qualif/self emp/mgmt,yes,yes,0
379,362.0,1<=X<4,52.0,own,2,unskilled resident,none,yes,1
380,2212.0,4<=X<7,39.0,own,1,skilled,yes,yes,1
381,12976.0,unemployed,38.0,for free,1,high qualif/self emp/mgmt,yes,yes,0
382,1283.0,4<=X<7,25.0,rent,1,skilled,none,yes,1
383,1330.0,<1,26.0,own,1,skilled,none,yes,1
384,4272.0,1<=X<4,26.0,own,2,unskilled resident,none,yes,1
385,2238.0,1<=X<4,25.0,own,2,skilled,none,yes,1
386,1126.0,<1,21.0,rent,1,skilled,yes,yes,1
387,7374.0,unemployed,40.0,own,2,high qualif/self emp/mgmt,yes,yes,1
388,2326.0,1<=X<4,27.0,own,1,skilled,none,yes,1
389,1449.0,4<=X<7,27.0,own,2,skilled,none,yes,1
390,1820.0,1<=X<4,30.0,own,1,high qualif/self emp/mgmt,yes,yes,1
391,983.0,<1,19.0,rent,1,unskilled resident,none,yes,1
392,3249.0,4<=X<7,39.0,for free,1,high qualif/self emp/mgmt,yes,yes,1
393,1957.0,4<=X<7,31.0,own,1,skilled,none,yes,1
394,2406.0,unemployed,31.0,own,1,high qualif/self emp/mgmt,none,yes,1
395,11760.0,4<=X<7,32.0,rent,1,skilled,yes,yes,1
396,2578.0,unemployed,55.0,for free,1,high qualif/self emp/mgmt,none,yes,1
397,2348.0,1<=X<4,46.0,own,2,skilled,yes,yes,1
398,1223.0,>=7,46.0,rent,2,skilled,none,yes,0
399,1516.0,1<=X<4,43.0,own,2,unskilled resident,none,yes,1
400,1473.0,<1,39.0,own,1,skilled,yes,yes,1
401,1887.0,1<=X<4,28.0,own,2,skilled,none,yes,1
402,8648.0,<1,27.0,own,2,skilled,yes,yes,0
403,802.0,1<=X<4,27.0,own,2,unskilled resident,none,yes,1
404,2899.0,>=7,43.0,own,1,skilled,none,yes,1
405,2039.0,<1,22.0,own,1,skilled,yes,yes,0
406,2197.0,4<=X<7,43.0,own,2,skilled,yes,yes,1
407,1053.0,<1,27.0,own,1,skilled,none,no,1
408,3235.0,>=7,26.0,own,1,high qualif/self emp/mgmt,yes,yes,1
409,939.0,4<=X<7,28.0,own,3,skilled,yes,yes,0
410,1967.0,>=7,20.0,own,1,skilled,yes,yes,1
411,7253.0,4<=X<7,35.0,own,2,high qualif/self emp/mgmt,yes,yes,1
412,2292.0,unemployed,42.0,own,2,high qualif/self emp/mgmt,yes,yes,0
413,1597.0,1<=X<4,40.0,rent,1,unskilled resident,none,no,1
414,1381.0,1<=X<4,35.0,own,1,skilled,none,yes,0
415,5842.0,>=7,35.0,own,2,skilled,yes,yes,1
416,2579.0,<1,33.0,own,1,unskilled resident,none,yes,0
417,8471.0,1<=X<4,23.0,rent,2,skilled,yes,yes,1
418,2782.0,4<=X<7,31.0,own,1,high qualif/self emp/mgmt,none,yes,1
419,1042.0,1<=X<4,33.0,own,1,skilled,none,yes,0
420,3186.0,4<=X<7,20.0,rent,1,skilled,none,yes,1
421,2028.0,1<=X<4,30.0,own,1,skilled,none,yes,1
422,958.0,4<=X<7,47.0,own,2,unskilled resident,none,yes,1
423,1591.0,4<=X<7,34.0,own,2,high qualif/self emp/mgmt,none,yes,1
424,2762.0,>=7,25.0,own,1,skilled,yes,yes,0
425,2779.0,1<=X<4,21.0,rent,1,skilled,yes,yes,1
426,2743.0,>=7,29.0,own,2,skilled,none,yes,1
427,1149.0,1<=X<4,46.0,own,2,skilled,none,yes,1
428,1313.0,>=7,20.0,own,1,skilled,none,yes,1
429,1190.0,unemployed,55.0,for free,3,unemp/unskilled non res,none,yes,0
430,3448.0,4<=X<7,74.0,own,1,unskilled resident,none,yes,1
431,11328.0,1<=X<4,29.0,own,2,high qualif/self emp/mgmt,yes,yes,0
432,1872.0,unemployed,36.0,for free,3,high qualif/self emp/mgmt,yes,yes,1
433,2058.0,1<=X<4,33.0,own,2,skilled,yes,yes,1
434,2136.0,1<=X<4,25.0,own,1,skilled,none,yes,1
435,1484.0,1<=X<4,25.0,own,1,skilled,yes,yes,0
436,660.0,4<=X<7,23.0,rent,1,unskilled resident,none,yes,1
437,1287.0,>=7,37.0,own,2,skilled,yes,yes,1
438,3394.0,unemployed,65.0,own,2,unemp/unskilled non res,none,yes,1
439,609.0,<1,26.0,own,1,unemp/unskilled non res,none,yes,0
440,1884.0,>=7,39.0,own,1,high qualif/self emp/mgmt,yes,yes,1
441,1620.0,1<=X<4,30.0,own,1,skilled,none,yes,1
442,2629.0,1<=X<4,29.0,own,2,skilled,yes,yes,1
443,719.0,>=7,41.0,own,1,unskilled resident,none,yes,0
444,5096.0,1<=X<4,30.0,own,1,high qualif/self emp/mgmt,yes,yes,0
445,1244.0,>=7,41.0,rent,2,unskilled resident,none,yes,1
446,1842.0,<1,34.0,own,1,skilled,yes,yes,0
447,2576.0,1<=X<4,35.0,own,1,skilled,none,yes,1
448,1424.0,>=7,55.0,own,1,high qualif/self emp/mgmt,yes,yes,1
449,1512.0,1<=X<4,61.0,own,2,skilled,none,yes,0
450,11054.0,1<=X<4,30.0,own,1,high qualif/self emp/mgmt,yes,yes,1
451,518.0,1<=X<4,29.0,own,1,skilled,none,yes,1
452,2759.0,>=7,34.0,own,2,skilled,none,yes,1
453,2670.0,>=7,35.0,own,1,high qualif/self emp/mgmt,yes,yes,1
454,4817.0,4<=X<7,31.0,own,1,skilled,yes,yes,0
455,2679.0,<1,29.0,own,1,high qualif/self emp/mgmt,yes,yes,1
456,3905.0,1<=X<4,36.0,rent,2,skilled,none,yes,1
457,3386.0,>=7,35.0,for free,1,skilled,yes,yes,0
458,343.0,<1,27.0,own,1,skilled,none,yes,1
459,4594.0,<1,32.0,own,1,skilled,yes,yes,1
460,3620.0,1<=X<4,37.0,own,1,skilled,none,yes,1
461,1721.0,<1,36.0,own,1,skilled,none,yes,1
462,3017.0,<1,34.0,rent,1,high qualif/self emp/mgmt,none,yes,1
463,754.0,>=7,38.0,own,2,skilled,none,yes,1
464,1950.0,4<=X<7,34.0,own,2,skilled,yes,yes,1
465,2924.0,1<=X<4,63.0,own,1,skilled,yes,yes,1
466,1659.0,<1,29.0,rent,1,unskilled resident,yes,yes,0
467,7238.0,>=7,32.0,own,2,skilled,none,yes,1
468,2764.0,1<=X<4,26.0,own,2,skilled,yes,yes,1
469,4679.0,4<=X<7,35.0,own,2,unskilled resident,yes,yes,1
470,3092.0,<1,22.0,rent,1,skilled,yes,yes,0
471,448.0,<1,23.0,own,1,skilled,none,yes,0
472,654.0,1<=X<4,28.0,own,1,unskilled resident,none,yes,0
473,1238.0,unemployed,36.0,own,1,high qualif/self emp/mgmt,yes,yes,1
474,1245.0,1<=X<4,33.0,own,1,skilled,none,yes,0
475,3114.0,<1,26.0,rent,1,skilled,none,yes,0
476,2569.0,1<=X<4,24.0,own,1,skilled,none,yes,1
477,5152.0,4<=X<7,25.0,own,1,skilled,none,yes,1
478,1037.0,4<=X<7,39.0,own,1,unskilled resident,none,yes,1
479,1478.0,>=7,44.0,own,2,skilled,yes,yes,1
480,3573.0,1<=X<4,23.0,own,1,unskilled resident,none,yes,1
481,1201.0,<1,26.0,own,1,skilled,none,yes,1
482,3622.0,>=7,57.0,rent,2,skilled,yes,yes,1
483,960.0,4<=X<7,30.0,own,2,skilled,none,yes,1
484,1163.0,1<=X<4,44.0,own,1,skilled,yes,yes,1
485,1209.0,unemployed,47.0,own,1,high qualif/self emp/mgmt,yes,yes,0
486,3077.0,1<=X<4,52.0,own,1,skilled,yes,yes,1
487,3757.0,>=7,62.0,for free,1,skilled,yes,yes,1
488,1418.0,1<=X<4,35.0,rent,1,unskilled resident,none,no,1
489,3518.0,1<=X<4,26.0,rent,1,skilled,none,yes,1
490,1934.0,>=7,26.0,own,2,skilled,none,yes,1
491,8318.0,>=7,42.0,for free,2,high qualif/self emp/mgmt,yes,yes,0
492,1237.0,1<=X<4,27.0,own,2,skilled,none,yes,1
493,368.0,>=7,38.0,own,1,skilled,none,yes,1
494,2122.0,1<=X<4,39.0,rent,2,unskilled resident,none,no,1
495,2996.0,1<=X<4,20.0,own,1,skilled,none,yes,0
496,9034.0,<1,29.0,rent,1,high qualif/self emp/mgmt,yes,yes,0
497,1585.0,4<=X<7,40.0,own,2,skilled,none,yes,1
498,1301.0,>=7,32.0,own,1,unskilled resident,none,yes,1
499,1323.0,>=7,28.0,own,2,skilled,yes,yes,1
500,3123.0,<1,27.0,own,1,skilled,none,yes,0
501,5493.0,>=7,42.0,for free,1,skilled,none,yes,1
502,1126.0,>=7,49.0,own,1,skilled,none,yes,1
503,1216.0,<1,38.0,own,2,skilled,none,yes,0
504,1207.0,<1,24.0,rent,1,skilled,none,yes,0
505,1309.0,1<=X<4,27.0,own,1,unskilled resident,none,yes,0
506,2360.0,1<=X<4,36.0,own,1,skilled,yes,yes,1
507,6850.0,unemployed,34.0,own,1,high qualif/self emp/mgmt,yes,yes,0
508,1413.0,1<=X<4,28.0,own,1,skilled,none,yes,1
509,8588.0,>=7,45.0,own,1,high qualif/self emp/mgmt,yes,yes,1
510,759.0,4<=X<7,26.0,own,1,skilled,none,yes,0
511,4686.0,1<=X<4,32.0,for free,1,high qualif/self emp/mgmt,yes,yes,1
512,2687.0,4<=X<7,26.0,rent,1,skilled,yes,yes,1
513,585.0,1<=X<4,20.0,rent,2,skilled,none,yes,1
514,2255.0,<1,54.0,own,1,skilled,none,yes,1
515,609.0,4<=X<7,37.0,own,2,skilled,none,no,1
516,1361.0,<1,40.0,own,1,unskilled resident,none,no,1
517,7127.0,<1,23.0,rent,2,skilled,yes,yes,0
518,1203.0,>=7,43.0,own,1,skilled,yes,yes,1
519,700.0,>=7,36.0,for free,2,skilled,none,yes,1
520,5507.0,>=7,44.0,for free,2,skilled,none,yes,1
521,3190.0,1<=X<4,24.0,own,1,skilled,none,yes,0
522,7119.0,1<=X<4,53.0,for free,2,skilled,none,yes,0
523,3488.0,4<=X<7,23.0,own,1,skilled,none,yes,1
524,1113.0,1<=X<4,26.0,own,1,unskilled resident,none,yes,1
525,7966.0,<1,30.0,own,2,skilled,none,yes,1
526,1532.0,1<=X<4,31.0,own,1,skilled,none,yes,1
527,1503.0,4<=X<7,42.0,own,2,unskilled resident,none,yes,1
528,2302.0,1<=X<4,31.0,rent,1,skilled,none,yes,0
529,662.0,<1,41.0,own,1,unskilled resident,yes,yes,1
530,2273.0,4<=X<7,32.0,own,2,skilled,none,yes,1
531,2631.0,1<=X<4,28.0,rent,2,skilled,yes,yes,0
532,1503.0,1<=X<4,41.0,rent,1,skilled,none,yes,1
533,1311.0,4<=X<7,26.0,own,1,skilled,yes,yes,1
534,3105.0,<1,25.0,own,2,skilled,none,yes,1
535,2319.0,<1,33.0,rent,1,skilled,none,yes,0
536,1374.0,unemployed,75.0,own,1,high qualif/self emp/mgmt,yes,yes,1
537,3612.0,>=7,37.0,own,1,skilled,yes,yes,1
538,7763.0,>=7,42.0,for free,1,high qualif/self emp/mgmt,none,yes,0
539,3049.0,<1,45.0,own,1,unskilled resident,none,yes,1
540,1534.0,<1,23.0,rent,1,skilled,none,yes,0
541,2032.0,>=7,60.0,for free,2,skilled,yes,yes,1
542,6350.0,>=7,31.0,own,1,skilled,none,yes,0
543,2864.0,1<=X<4,34.0,own,1,unskilled resident,none,yes,0
544,1255.0,>=7,61.0,own,2,unskilled resident,none,yes,1
545,1333.0,unemployed,43.0,for free,2,skilled,none,yes,0
546,2022.0,1<=X<4,37.0,own,1,skilled,yes,yes,1
547,1552.0,4<=X<7,32.0,own,1,skilled,none,yes,1
548,626.0,1<=X<4,24.0,own,1,unskilled resident,none,yes,0
549,8858.0,4<=X<7,35.0,for free,2,skilled,yes,yes,1
550,996.0,4<=X<7,23.0,own,2,skilled,none,yes,1
551,1750.0,>=7,45.0,own,1,unskilled resident,none,yes,1
552,6999.0,4<=X<7,34.0,own,2,skilled,yes,yes,0
553,1995.0,<1,27.0,own,1,skilled,none,yes,1
554,1199.0,4<=X<7,67.0,own,2,high qualif/self emp/mgmt,yes,yes,1
555,1331.0,<1,22.0,own,1,skilled,none,yes,0
556,2278.0,<1,28.0,own,2,skilled,none,yes,0
557,5003.0,1<=X<4,29.0,own,2,skilled,yes,yes,0
558,3552.0,4<=X<7,27.0,own,1,skilled,none,yes,0
559,1928.0,<1,31.0,own,2,unskilled resident,none,yes,0
560,2964.0,>=7,49.0,for free,1,skilled,yes,yes,1
561,1546.0,4<=X<7,24.0,rent,1,unskilled resident,none,yes,0
562,683.0,<1,29.0,own,1,skilled,none,yes,1
563,12389.0,1<=X<4,37.0,for free,1,skilled,yes,yes,0
564,4712.0,1<=X<4,37.0,own,2,high qualif/self emp/mgmt,yes,yes,1
565,1553.0,4<=X<7,23.0,rent,2,skilled,yes,yes,1
566,1372.0,4<=X<7,36.0,own,1,skilled,none,yes,0
567,2578.0,>=7,34.0,own,1,skilled,none,yes,1
568,3979.0,4<=X<7,41.0,own,2,skilled,yes,yes,1
569,6758.0,1<=X<4,31.0,own,1,skilled,yes,yes,0
570,3234.0,<1,23.0,rent,1,unskilled resident,yes,yes,0
571,5954.0,4<=X<7,38.0,own,1,skilled,none,yes,1
572,5433.0,unemployed,26.0,rent,1,high qualif/self emp/mgmt,yes,yes,1
573,806.0,1<=X<4,22.0,own,1,unskilled resident,none,yes,1
574,1082.0,>=7,27.0,own,2,unskilled resident,none,yes,1
575,2788.0,4<=X<7,24.0,own,2,skilled,none,yes,1
576,2930.0,4<=X<7,27.0,own,1,skilled,none,yes,1
577,1927.0,1<=X<4,33.0,own,2,skilled,yes,yes,1
578,2820.0,<1,27.0,own,2,skilled,none,yes,0
579,937.0,<1,27.0,own,2,unskilled resident,none,yes,1
580,1056.0,>=7,30.0,own,2,skilled,none,yes,0
581,3124.0,<1,49.0,own,2,unskilled resident,none,yes,1
582,1388.0,1<=X<4,26.0,rent,1,skilled,none,yes,1
583,2384.0,<1,33.0,rent,1,unskilled resident,none,yes,0
584,2133.0,>=7,52.0,for free,1,high qualif/self emp/mgmt,yes,yes,1
585,2039.0,1<=X<4,20.0,rent,1,skilled,none,yes,0
586,2799.0,1<=X<4,36.0,rent,2,skilled,none,yes,1
587,1289.0,1<=X<4,21.0,own,1,unskilled resident,none,yes,1
588,1217.0,1<=X<4,47.0,own,1,unskilled resident,yes,yes,0
589,2246.0,>=7,60.0,own,2,skilled,none,yes,0
590,385.0,4<=X<7,58.0,own,4,unskilled resident,yes,yes,1
591,1965.0,1<=X<4,42.0,rent,2,skilled,yes,yes,1
592,1572.0,>=7,36.0,own,1,unskilled resident,none,yes,1
593,2718.0,1<=X<4,20.0,rent,1,unskilled resident,yes,yes,0
594,1358.0,>=7,40.0,own,1,high qualif/self emp/mgmt,yes,yes,0
595,931.0,<1,32.0,own,1,unskilled resident,none,yes,0
596,1442.0,4<=X<7,23.0,rent,2,skilled,none,yes,0
597,4241.0,1<=X<4,36.0,own,3,unskilled resident,yes,yes,0
598,2775.0,4<=X<7,31.0,own,2,skilled,none,yes,0
599,3863.0,1<=X<4,32.0,for free,1,skilled,none,yes,1
600,2329.0,<1,45.0,own,1,skilled,none,yes,1
601,918.0,1<=X<4,30.0,own,1,skilled,none,yes,0
602,1837.0,4<=X<7,34.0,for free,1,unskilled resident,none,yes,0
603,3349.0,1<=X<4,28.0,own,1,high qualif/self emp/mgmt,yes,yes,0
604,1275.0,<1,23.0,own,1,skilled,none,yes,1
605,2828.0,1<=X<4,22.0,own,1,skilled,yes,yes,1
606,4526.0,1<=X<4,74.0,own,1,high qualif/self emp/mgmt,yes,yes,1
607,2671.0,1<=X<4,50.0,for free,1,skilled,none,yes,0
608,2051.0,<1,33.0,own,1,skilled,none,yes,1
609,1300.0,>=7,45.0,for free,1,skilled,none,yes,1
610,741.0,unemployed,22.0,own,1,skilled,none,yes,0
611,1240.0,>=7,48.0,for free,1,unskilled resident,none,yes,0
612,3357.0,<1,29.0,own,1,skilled,none,yes,1
613,3632.0,1<=X<4,22.0,rent,1,skilled,none,no,1
614,1808.0,4<=X<7,22.0,own,1,skilled,none,yes,0
615,12204.0,1<=X<4,48.0,own,1,high qualif/self emp/mgmt,yes,yes,1
616,9157.0,1<=X<4,27.0,for free,1,high qualif/self emp/mgmt,none,yes,1
617,3676.0,1<=X<4,37.0,rent,3,skilled,none,yes,1
618,3441.0,1<=X<4,21.0,rent,1,skilled,none,yes,0
619,640.0,1<=X<4,49.0,own,1,unskilled resident,none,yes,1
620,3652.0,4<=X<7,27.0,own,2,skilled,none,yes,1
621,1530.0,1<=X<4,32.0,own,2,skilled,none,yes,0
622,3914.0,1<=X<4,38.0,own,1,skilled,none,yes,0
623,1858.0,<1,22.0,rent,1,skilled,none,yes,1
624,2600.0,1<=X<4,65.0,for free,2,skilled,none,yes,0
625,1979.0,>=7,35.0,own,1,skilled,none,yes,1
626,2116.0,1<=X<4,41.0,own,1,skilled,yes,yes,1
627,1437.0,4<=X<7,29.0,own,1,skilled,none,yes,0
628,4042.0,1<=X<4,36.0,own,2,skilled,yes,yes,1
629,3832.0,>=7,64.0,own,1,unskilled resident,none,yes,1
630,3660.0,1<=X<4,28.0,own,1,skilled,none,yes,1
631,1553.0,1<=X<4,44.0,own,1,skilled,none,yes,0
632,1444.0,<1,23.0,own,1,skilled,none,yes,1
633,1980.0,<1,19.0,rent,2,skilled,none,yes,0
634,1355.0,<1,25.0,own,1,unskilled resident,yes,yes,0
635,1393.0,>=7,47.0,own,3,skilled,yes,yes,1
636,1376.0,4<=X<7,28.0,own,1,skilled,none,yes,1
637,15653.0,4<=X<7,21.0,own,2,skilled,yes,yes,1
638,1493.0,<1,34.0,own,1,skilled,none,yes,1
639,4370.0,4<=X<7,26.0,own,2,skilled,yes,yes,0
640,750.0,unemployed,27.0,own,1,unemp/unskilled non res,none,yes,0
641,1308.0,>=7,38.0,own,2,unskilled resident,none,yes,1
642,4623.0,1<=X<4,40.0,own,1,high qualif/self emp/mgmt,yes,yes,0
643,1851.0,4<=X<7,33.0,own,2,skilled,yes,yes,1
644,1880.0,4<=X<7,32.0,own,2,high qualif/self emp/mgmt,yes,yes,1
645,7980.0,<1,27.0,rent,2,skilled,yes,yes,0
646,4583.0,1<=X<4,32.0,own,2,skilled,none,yes,1
647,1386.0,1<=X<4,26.0,own,1,skilled,none,yes,0
648,947.0,4<=X<7,38.0,for free,1,skilled,none,yes,0
649,684.0,1<=X<4,40.0,rent,1,unskilled resident,none,yes,0
650,7476.0,4<=X<7,50.0,for free,1,high qualif/self emp/mgmt,yes,yes,1
651,1922.0,1<=X<4,37.0,own,1,unskilled resident,none,yes,0
652,2303.0,>=7,45.0,own,1,skilled,none,yes,0
653,8086.0,>=7,42.0,own,4,high qualif/self emp/mgmt,yes,yes,0
654,2346.0,4<=X<7,35.0,own,2,skilled,yes,yes,1
655,3973.0,unemployed,22.0,for free,1,skilled,none,yes,1
656,888.0,>=7,41.0,own,1,unskilled resident,none,yes,0
657,10222.0,4<=X<7,37.0,own,1,skilled,yes,yes,1
658,4221.0,1<=X<4,28.0,own,2,skilled,none,yes,1
659,6361.0,>=7,41.0,own,1,skilled,yes,yes,1
660,1297.0,1<=X<4,23.0,rent,1,skilled,none,yes,1
661,900.0,1<=X<4,23.0,own,1,skilled,none,yes,0
662,2241.0,>=7,50.0,own,2,skilled,none,yes,1
663,1050.0,unemployed,35.0,own,2,high qualif/self emp/mgmt,yes,yes,1
664,1047.0,1<=X<4,50.0,own,1,unskilled resident,none,yes,1
665,6314.0,unemployed,27.0,own,2,high qualif/self emp/mgmt,yes,yes,1
666,3496.0,1<=X<4,34.0,own,1,skilled,yes,yes,1
667,3609.0,1<=X<4,27.0,own,1,skilled,none,yes,1
668,4843.0,>=7,43.0,rent,2,skilled,yes,yes,0
669,3017.0,>=7,47.0,own,1,skilled,none,yes,1
670,4139.0,1<=X<4,27.0,own,2,unskilled resident,yes,yes,1
671,5742.0,4<=X<7,31.0,own,2,skilled,yes,yes,1
672,10366.0,>=7,42.0,own,1,high qualif/self emp/mgmt,yes,yes,1
673,2080.0,1<=X<4,24.0,own,1,skilled,none,yes,1
674,2580.0,<1,41.0,own,1,unskilled resident,none,yes,0
675,4530.0,4<=X<7,26.0,rent,1,high qualif/self emp/mgmt,yes,yes,1
676,5150.0,>=7,33.0,own,1,skilled,yes,yes,1
677,5595.0,1<=X<4,24.0,own,1,skilled,none,yes,0
678,2384.0,>=7,64.0,rent,1,unskilled resident,none,yes,1
679,1453.0,<1,26.0,own,1,skilled,none,yes,1
680,1538.0,<1,56.0,own,1,skilled,none,yes,1
681,2279.0,1<=X<4,37.0,for free,1,skilled,yes,yes,1
682,1478.0,1<=X<4,33.0,own,2,skilled,none,yes,1
683,5103.0,<1,47.0,for free,3,skilled,yes,yes,1
684,9857.0,4<=X<7,31.0,own,2,unskilled resident,yes,yes,1
685,6527.0,1<=X<4,34.0,for free,1,skilled,yes,yes,1
686,1347.0,4<=X<7,27.0,own,2,skilled,yes,yes,1
687,2862.0,>=7,30.0,for free,1,skilled,none,yes,1
688,2753.0,>=7,35.0,own,1,skilled,yes,yes,1
689,3651.0,1<=X<4,31.0,own,1,skilled,none,yes,1
690,975.0,1<=X<4,25.0,own,2,skilled,none,yes,1
691,2631.0,1<=X<4,25.0,own,1,unskilled resident,none,yes,1
692,2896.0,<1,29.0,own,1,skilled,none,yes,1
693,4716.0,<1,44.0,own,2,unskilled resident,none,yes,1
694,2284.0,4<=X<7,28.0,own,1,skilled,yes,yes,1
695,1236.0,1<=X<4,50.0,rent,1,skilled,none,yes,1
696,1103.0,4<=X<7,29.0,own,2,skilled,none,no,1
697,926.0,unemployed,38.0,own,1,unemp/unskilled non res,none,yes,1
698,1800.0,1<=X<4,24.0,own,2,skilled,none,yes,1
699,1905.0,>=7,40.0,rent,1,high qualif/self emp/mgmt,yes,yes,1
700,1123.0,1<=X<4,29.0,rent,1,unskilled resident,none,yes,0
701,6331.0,>=7,46.0,for free,2,skilled,yes,yes,0
702,1377.0,>=7,47.0,for free,1,skilled,yes,yes,1
703,2503.0,>=7,41.0,own,2,skilled,none,yes,1
704,2528.0,<1,32.0,own,1,skilled,yes,yes,1
705,5324.0,>=7,35.0,for free,1,skilled,none,yes,1
706,6560.0,4<=X<7,24.0,own,1,skilled,none,yes,0
707,2969.0,<1,25.0,rent,2,skilled,none,yes,0
708,1206.0,>=7,25.0,own,1,skilled,none,yes,1
709,2118.0,1<=X<4,37.0,own,1,unskilled resident,none,yes,1
710,629.0,>=7,32.0,own,2,high qualif/self emp/mgmt,yes,yes,1
711,1198.0,>=7,35.0,for free,1,skilled,none,yes,0
712,2476.0,>=7,46.0,own,1,high qualif/self emp/mgmt,yes,yes,1
713,1138.0,1<=X<4,25.0,own,2,unskilled resident,none,yes,1
714,14027.0,4<=X<7,27.0,own,1,high qualif/self emp/mgmt,yes,yes,0
715,7596.0,>=7,63.0,own,2,skilled,none,yes,1
716,3077.0,>=7,40.0,own,2,skilled,yes,yes,1
717,1505.0,1<=X<4,32.0,for free,1,high qualif/self emp/mgmt,yes,yes,1
718,3148.0,1<=X<4,31.0,own,2,skilled,yes,yes,1
719,6148.0,>=7,31.0,own,2,skilled,yes,yes,1
720,1337.0,<1,34.0,own,2,high qualif/self emp/mgmt,yes,yes,0
721,433.0,<1,24.0,rent,1,skilled,none,yes,0
722,1228.0,1<=X<4,24.0,own,1,unskilled resident,none,yes,0
723,790.0,1<=X<4,66.0,own,1,unskilled resident,none,yes,1
724,2570.0,1<=X<4,21.0,rent,1,skilled,none,yes,0
725,250.0,1<=X<4,41.0,own,2,unskilled resident,none,yes,1
726,1316.0,1<=X<4,47.0,own,2,unskilled resident,none,yes,1
727,1882.0,1<=X<4,25.0,rent,2,skilled,none,yes,0
728,6416.0,>=7,59.0,rent,1,skilled,none,yes,0
729,1275.0,1<=X<4,36.0,own,2,skilled,yes,yes,1
730,6403.0,<1,33.0,own,1,skilled,none,yes,1
731,1987.0,1<=X<4,21.0,rent,1,unskilled resident,none,yes,0
732,760.0,4<=X<7,44.0,own,1,unskilled resident,none,yes,1
733,2603.0,1<=X<4,28.0,rent,1,skilled,yes,yes,1
734,3380.0,4<=X<7,37.0,own,1,skilled,none,yes,1
735,3990.0,<1,29.0,own,1,unemp/unskilled non res,none,yes,1
736,11560.0,1<=X<4,23.0,rent,2,high qualif/self emp/mgmt,none,yes,0
737,4380.0,1<=X<4,35.0,own,1,unskilled resident,yes,yes,1
738,6761.0,4<=X<7,45.0,own,2,high qualif/self emp/mgmt,yes,yes,1
739,4280.0,1<=X<4,26.0,rent,2,unskilled resident,none,yes,0
740,2325.0,4<=X<7,32.0,own,1,skilled,none,yes,1
741,1048.0,1<=X<4,23.0,own,1,unskilled resident,none,yes,1
742,3160.0,>=7,41.0,own,1,skilled,yes,yes,1
743,2483.0,1<=X<4,22.0,own,1,skilled,yes,yes,1
744,14179.0,4<=X<7,30.0,own,2,high qualif/self emp/mgmt,yes,yes,1
745,1797.0,<1,28.0,own,2,unskilled resident,none,yes,1
746,2511.0,unemployed,23.0,rent,1,skilled,none,yes,1
747,1274.0,<1,37.0,own,1,unskilled resident,none,yes,0
748,5248.0,1<=X<4,26.0,own,1,skilled,none,yes,1
749,3029.0,4<=X<7,33.0,own,1,skilled,none,yes,1
750,428.0,>=7,49.0,own,1,skilled,yes,yes,1
751,976.0,<1,23.0,own,1,unskilled resident,none,yes,0
752,841.0,4<=X<7,23.0,rent,1,unskilled resident,none,yes,1
753,5771.0,4<=X<7,25.0,own,2,skilled,none,yes,1
754,1555.0,>=7,55.0,for free,2,skilled,none,yes,0
755,1285.0,4<=X<7,32.0,rent,1,skilled,none,yes,0
756,1299.0,1<=X<4,74.0,own,3,unemp/unskilled non res,none,no,1
757,1271.0,1<=X<4,39.0,for free,2,skilled,yes,yes,0
758,1393.0,1<=X<4,31.0,own,1,skilled,yes,yes,1
759,691.0,>=7,35.0,own,2,skilled,none,yes,0
760,5045.0,>=7,59.0,own,1,skilled,yes,yes,1
761,2124.0,1<=X<4,24.0,rent,2,skilled,none,yes,0
762,2214.0,1<=X<4,24.0,own,1,unskilled resident,none,yes,1
763,12680.0,>=7,30.0,for free,1,high qualif/self emp/mgmt,yes,yes,0
764,2463.0,4<=X<7,27.0,own,2,skilled,yes,yes,1
765,1155.0,>=7,40.0,own,2,unskilled resident,none,yes,1
766,3108.0,<1,31.0,own,1,unskilled resident,none,yes,0
767,2901.0,<1,31.0,rent,1,skilled,none,yes,1
768,3617.0,>=7,28.0,rent,3,skilled,yes,yes,1
769,1655.0,>=7,63.0,own,2,unskilled resident,yes,yes,1
770,2812.0,>=7,26.0,rent,1,skilled,none,yes,1
771,8065.0,1<=X<4,25.0,own,2,high qualif/self emp/mgmt,yes,yes,0
772,3275.0,>=7,36.0,own,1,high qualif/self emp/mgmt,yes,yes,1
773,2223.0,>=7,52.0,own,2,skilled,none,yes,1
774,1480.0,unemployed,66.0,for free,3,unemp/unskilled non res,none,yes,1
775,1371.0,1<=X<4,25.0,rent,1,skilled,none,yes,0
776,3535.0,4<=X<7,37.0,own,2,skilled,yes,yes,1
777,3509.0,4<=X<7,25.0,own,1,skilled,none,yes,1
778,5711.0,>=7,38.0,own,2,high qualif/self emp/mgmt,yes,yes,1
779,3872.0,unemployed,67.0,own,1,skilled,yes,yes,1
780,4933.0,4<=X<7,25.0,own,2,skilled,none,yes,0
781,1940.0,>=7,60.0,own,1,skilled,yes,yes,1
782,1410.0,1<=X<4,31.0,own,1,unskilled resident,yes,yes,1
783,836.0,<1,23.0,own,1,unskilled resident,none,yes,0
784,6468.0,unemployed,60.0,own,1,high qualif/self emp/mgmt,yes,yes,1
785,1941.0,1<=X<4,35.0,own,1,unskilled resident,yes,yes,1
786,2675.0,>=7,40.0,own,1,skilled,none,yes,1
787,2751.0,>=7,38.0,own,2,skilled,yes,yes,1
788,6224.0,>=7,50.0,for free,1,skilled,none,yes,0
789,5998.0,1<=X<4,27.0,own,1,skilled,yes,yes,0
790,1188.0,>=7,39.0,own,1,skilled,none,yes,0
791,6313.0,>=7,41.0,own,1,high qualif/self emp/mgmt,yes,yes,1
792,1221.0,1<=X<4,27.0,own,2,skilled,none,yes,1
793,2892.0,>=7,51.0,for free,1,skilled,none,yes,1
794,3062.0,>=7,32.0,rent,1,skilled,yes,yes,1
795,2301.0,<1,22.0,rent,1,skilled,none,yes,1
796,7511.0,>=7,51.0,for free,1,skilled,yes,yes,0
797,1258.0,<1,22.0,rent,2,unskilled resident,none,yes,1
798,717.0,>=7,54.0,own,2,skilled,yes,yes,1
799,1549.0,<1,35.0,own,1,unemp/unskilled non res,none,yes,1
800,1597.0,>=7,54.0,for free,2,skilled,none,yes,1
801,1795.0,>=7,48.0,rent,2,unskilled resident,yes,yes,1
802,4272.0,>=7,24.0,own,2,skilled,none,yes,1
803,976.0,>=7,35.0,own,2,skilled,none,yes,1
804,7472.0,unemployed,24.0,rent,1,unemp/unskilled non res,none,yes,1
805,9271.0,4<=X<7,24.0,own,1,skilled,yes,yes,0
806,590.0,<1,26.0,own,1,unskilled resident,none,no,1
807,930.0,>=7,65.0,own,4,skilled,none,yes,1
808,9283.0,unemployed,55.0,for free,1,high qualif/self emp/mgmt,yes,yes,1
809,1778.0,<1,26.0,rent,2,unemp/unskilled non res,none,yes,0
810,907.0,<1,26.0,own,1,skilled,yes,yes,1
811,484.0,4<=X<7,28.0,own,1,unskilled resident,none,yes,1
812,9629.0,4<=X<7,24.0,own,2,skilled,yes,yes,0
813,3051.0,1<=X<4,54.0,own,1,skilled,none,yes,0
814,3931.0,4<=X<7,46.0,for free,1,skilled,none,yes,0
815,7432.0,1<=X<4,54.0,rent,1,skilled,none,yes,1
816,1338.0,1<=X<4,62.0,own,1,skilled,none,yes,1
817,1554.0,4<=X<7,24.0,rent,2,skilled,yes,yes,1
818,15857.0,unemployed,43.0,own,1,high qualif/self emp/mgmt,none,yes,1
819,1345.0,1<=X<4,26.0,own,1,skilled,none,yes,0
820,1101.0,1<=X<4,27.0,own,2,skilled,yes,yes,1
821,3016.0,1<=X<4,24.0,own,1,skilled,none,yes,1
822,2712.0,>=7,41.0,own,1,skilled,none,yes,0
823,731.0,>=7,47.0,own,2,unskilled resident,none,yes,1
824,3780.0,<1,35.0,own,2,high qualif/self emp/mgmt,yes,yes,1
825,1602.0,>=7,30.0,own,2,skilled,yes,yes,1
826,3966.0,>=7,33.0,rent,3,skilled,yes,yes,0
827,4165.0,1<=X<4,36.0,own,2,skilled,none,yes,0
828,8335.0,>=7,47.0,for free,1,skilled,none,yes,0
829,6681.0,1<=X<4,38.0,for free,1,skilled,yes,yes,1
830,2375.0,1<=X<4,44.0,own,2,skilled,yes,yes,1
831,1216.0,<1,23.0,rent,1,skilled,yes,yes,0
832,11816.0,>=7,29.0,rent,2,skilled,none,yes,0
833,5084.0,>=7,42.0,own,1,skilled,yes,yes,1
834,2327.0,<1,25.0,own,1,unskilled resident,none,yes,0
835,1082.0,1<=X<4,48.0,own,2,skilled,none,yes,0
836,886.0,1<=X<4,21.0,own,1,skilled,none,yes,1
837,601.0,<1,23.0,rent,1,unskilled resident,none,yes,1
838,2957.0,>=7,63.0,own,2,skilled,yes,yes,1
839,2611.0,>=7,46.0,own,2,skilled,none,yes,1
840,5179.0,4<=X<7,29.0,own,1,skilled,none,yes,0
841,2993.0,1<=X<4,28.0,own,2,unskilled resident,none,yes,1
842,1943.0,<1,23.0,own,1,skilled,none,yes,0
843,1559.0,4<=X<7,50.0,own,1,skilled,yes,yes,1
844,3422.0,>=7,47.0,own,3,skilled,yes,yes,1
845,3976.0,4<=X<7,35.0,own,1,skilled,yes,yes,1
846,6761.0,1<=X<4,68.0,rent,2,skilled,none,yes,0
847,1249.0,<1,28.0,own,1,skilled,none,yes,1
848,1364.0,4<=X<7,59.0,own,1,skilled,none,yes,1
849,709.0,>=7,57.0,own,1,unskilled resident,none,yes,0
850,2235.0,1<=X<4,33.0,rent,2,skilled,none,no,0
851,4042.0,4<=X<7,43.0,own,2,skilled,yes,yes,1
852,1471.0,1<=X<4,35.0,for free,2,skilled,yes,yes,1
853,1442.0,4<=X<7,32.0,for free,2,unskilled resident,none,yes,0
854,10875.0,>=7,45.0,own,2,skilled,yes,yes,1
855,1474.0,<1,33.0,own,1,skilled,yes,yes,1
856,894.0,4<=X<7,40.0,own,1,skilled,yes,yes,1
857,3343.0,1<=X<4,28.0,for free,1,skilled,yes,yes,1
858,3959.0,1<=X<4,29.0,own,1,skilled,yes,yes,0
859,3577.0,1<=X<4,26.0,rent,1,skilled,none,no,1
860,5804.0,1<=X<4,27.0,own,2,skilled,none,yes,1
861,2169.0,1<=X<4,28.0,own,1,skilled,yes,yes,0
862,2439.0,<1,35.0,own,1,skilled,yes,yes,0
863,4526.0,<1,32.0,own,2,unskilled resident,yes,yes,1
864,2210.0,1<=X<4,25.0,rent,1,unskilled resident,none,yes,0
865,2221.0,1<=X<4,20.0,rent,1,skilled,none,yes,1
866,2389.0,<1,27.0,own,1,skilled,none,yes,1
867,3331.0,>=7,42.0,own,1,skilled,none,yes,1
868,7409.0,>=7,37.0,own,2,skilled,none,yes,1
869,652.0,>=7,24.0,rent,1,skilled,none,yes,1
870,7678.0,4<=X<7,40.0,own,2,skilled,yes,yes,1
871,1343.0,>=7,46.0,own,2,skilled,none,no,1
872,1382.0,4<=X<7,26.0,own,2,skilled,yes,yes,1
873,874.0,<1,24.0,own,1,skilled,none,yes,1
874,3590.0,1<=X<4,29.0,own,1,unskilled resident,none,yes,1
875,1322.0,1<=X<4,40.0,own,2,skilled,none,yes,1
876,1940.0,<1,36.0,for free,1,high qualif/self emp/mgmt,yes,yes,1
877,3595.0,>=7,28.0,own,1,skilled,none,yes,1
878,1422.0,<1,27.0,for free,1,high qualif/self emp/mgmt,yes,yes,0
879,6742.0,4<=X<7,36.0,own,2,skilled,none,yes,1
880,7814.0,4<=X<7,38.0,own,1,high qualif/self emp/mgmt,yes,yes,1
881,9277.0,1<=X<4,48.0,for free,1,skilled,yes,yes,1
882,2181.0,>=7,36.0,own,2,skilled,none,yes,1
883,1098.0,unemployed,65.0,own,2,unemp/unskilled non res,none,yes,1
884,4057.0,4<=X<7,43.0,own,1,skilled,yes,yes,0
885,795.0,<1,53.0,own,1,skilled,none,yes,0
886,2825.0,4<=X<7,34.0,own,2,skilled,yes,yes,1
887,15672.0,1<=X<4,23.0,own,1,skilled,yes,yes,0
888,6614.0,>=7,34.0,own,2,high qualif/self emp/mgmt,yes,yes,1
889,7824.0,<1,40.0,rent,2,skilled,yes,yes,1
890,2442.0,>=7,43.0,own,4,high qualif/self emp/mgmt,yes,yes,1
891,1829.0,>=7,46.0,own,2,skilled,yes,yes,1
892,2171.0,1<=X<4,38.0,own,2,unskilled resident,none,no,1
893,5800.0,1<=X<4,34.0,own,2,skilled,yes,yes,1
894,1169.0,1<=X<4,29.0,own,2,skilled,yes,yes,1
895,8947.0,4<=X<7,31.0,own,1,high qualif/self emp/mgmt,yes,yes,1
896,2606.0,<1,28.0,rent,1,high qualif/self emp/mgmt,yes,yes,1
897,1592.0,4<=X<7,35.0,own,1,skilled,none,no,1
898,2186.0,4<=X<7,33.0,rent,1,unskilled resident,none,yes,1
899,4153.0,1<=X<4,42.0,own,1,skilled,none,yes,0
900,2625.0,>=7,43.0,rent,1,skilled,yes,yes,0
901,3485.0,<1,44.0,own,2,skilled,yes,yes,1
902,10477.0,>=7,42.0,for free,2,skilled,none,yes,1
903,1386.0,1<=X<4,40.0,rent,1,skilled,yes,yes,1
904,1278.0,>=7,36.0,own,1,high qualif/self emp/mgmt,yes,yes,1
905,1107.0,1<=X<4,20.0,rent,1,high qualif/self emp/mgmt,yes,yes,1
906,3763.0,4<=X<7,24.0,own,1,unskilled resident,none,no,1
907,3711.0,1<=X<4,27.0,own,1,skilled,none,yes,1
908,3594.0,<1,46.0,own,2,unskilled resident,none,yes,1
909,3195.0,1<=X<4,33.0,own,1,unskilled resident,none,yes,1
910,4454.0,1<=X<4,34.0,own,2,skilled,none,yes,1
911,4736.0,<1,25.0,own,1,unskilled resident,none,yes,0
912,2991.0,>=7,25.0,own,1,skilled,none,yes,1
913,2142.0,>=7,28.0,own,1,skilled,yes,yes,1
914,3161.0,1<=X<4,31.0,rent,1,skilled,yes,yes,0
915,18424.0,1<=X<4,32.0,own,1,high qualif/self emp/mgmt,yes,no,0
916,2848.0,1<=X<4,32.0,own,1,skilled,none,yes,1
917,14896.0,>=7,68.0,own,1,high qualif/self emp/mgmt,yes,yes,0
918,2359.0,unemployed,33.0,own,1,skilled,none,yes,0
919,3345.0,>=7,39.0,rent,1,high qualif/self emp/mgmt,yes,yes,0
920,1817.0,1<=X<4,28.0,own,2,skilled,none,yes,1
921,12749.0,4<=X<7,37.0,own,1,high qualif/self emp/mgmt,yes,yes,1
922,1366.0,<1,22.0,rent,1,skilled,none,yes,0
923,2002.0,4<=X<7,30.0,rent,1,skilled,yes,yes,1
924,6872.0,<1,55.0,own,1,skilled,yes,yes,0
925,697.0,<1,46.0,own,2,skilled,yes,yes,0
926,1049.0,<1,21.0,rent,1,skilled,none,yes,1
927,10297.0,4<=X<7,39.0,for free,3,skilled,yes,yes,0
928,1867.0,>=7,58.0,own,1,skilled,yes,yes,1
929,1344.0,1<=X<4,43.0,own,2,unskilled resident,none,yes,1
930,1747.0,<1,24.0,own,1,unskilled resident,none,no,1
931,1670.0,<1,22.0,own,1,skilled,yes,yes,0
932,1224.0,1<=X<4,30.0,own,2,skilled,none,yes,1
933,522.0,>=7,42.0,own,2,skilled,yes,yes,1
934,1498.0,1<=X<4,23.0,own,1,skilled,none,yes,1
935,1919.0,<1,30.0,own,2,high qualif/self emp/mgmt,none,yes,0
936,745.0,1<=X<4,28.0,own,1,unskilled resident,none,yes,0
937,2063.0,<1,30.0,rent,1,high qualif/self emp/mgmt,yes,yes,1
938,6288.0,1<=X<4,42.0,for free,1,skilled,none,yes,0
939,6842.0,1<=X<4,46.0,own,2,high qualif/self emp/mgmt,yes,yes,1
940,3527.0,<1,45.0,own,1,high qualif/self emp/mgmt,yes,yes,1
941,1546.0,1<=X<4,31.0,own,1,unskilled resident,none,no,1
942,929.0,4<=X<7,31.0,own,1,skilled,yes,yes,1
943,1455.0,4<=X<7,42.0,own,3,unskilled resident,none,yes,1
944,1845.0,<1,46.0,rent,1,skilled,none,yes,1
945,8358.0,<1,30.0,own,2,skilled,none,yes,1
946,3349.0,<1,30.0,for free,1,skilled,yes,yes,0
947,2859.0,unemployed,38.0,own,1,high qualif/self emp/mgmt,yes,yes,1
948,1533.0,<1,43.0,own,1,unskilled resident,none,yes,0
949,3621.0,>=7,31.0,own,2,skilled,none,yes,0
950,3590.0,unemployed,40.0,own,3,unemp/unskilled non res,yes,yes,1
951,2145.0,4<=X<7,24.0,own,2,skilled,yes,yes,0
952,4113.0,<1,28.0,rent,1,skilled,none,yes,0
953,10974.0,unemployed,26.0,own,2,high qualif/self emp/mgmt,yes,yes,0
954,1893.0,1<=X<4,29.0,own,1,skilled,yes,yes,1
955,1231.0,>=7,57.0,rent,2,high qualif/self emp/mgmt,yes,yes,1
956,3656.0,>=7,49.0,own,2,unskilled resident,none,yes,1
957,1154.0,>=7,37.0,own,3,unskilled resident,none,yes,1
958,4006.0,1<=X<4,45.0,own,1,unskilled resident,none,yes,0
959,3069.0,>=7,30.0,for free,1,skilled,none,yes,1
960,1740.0,>=7,30.0,rent,2,skilled,none,yes,1
961,2353.0,1<=X<4,47.0,own,2,skilled,none,yes,1
962,3556.0,1<=X<4,29.0,own,1,skilled,none,yes,1
963,2397.0,>=7,35.0,own,2,skilled,yes,yes,0
964,454.0,<1,22.0,own,1,unskilled resident,none,yes,1
965,1715.0,1<=X<4,26.0,own,1,skilled,none,yes,1
966,2520.0,1<=X<4,23.0,own,2,unskilled resident,none,yes,0
967,3568.0,>=7,54.0,rent,1,high qualif/self emp/mgmt,yes,yes,1
968,7166.0,4<=X<7,29.0,rent,1,skilled,yes,yes,1
969,3939.0,1<=X<4,40.0,own,2,unskilled resident,none,yes,1
970,1514.0,1<=X<4,22.0,own,1,skilled,none,yes,1
971,7393.0,1<=X<4,43.0,own,1,unskilled resident,none,yes,1
972,1193.0,unemployed,29.0,rent,2,unemp/unskilled non res,none,yes,0
973,7297.0,>=7,36.0,rent,1,skilled,none,yes,0
974,2831.0,1<=X<4,33.0,own,1,skilled,yes,yes,1
975,1258.0,1<=X<4,57.0,own,1,unskilled resident,none,yes,1
976,753.0,1<=X<4,64.0,own,1,skilled,none,yes,1
977,2427.0,>=7,42.0,own,2,skilled,none,yes,1
978,2538.0,>=7,47.0,own,2,unskilled resident,none,yes,0
979,1264.0,1<=X<4,25.0,rent,1,skilled,none,yes,0
980,8386.0,4<=X<7,49.0,own,1,skilled,none,yes,0
981,4844.0,unemployed,33.0,rent,1,high qualif/self emp/mgmt,yes,yes,0
982,2923.0,1<=X<4,28.0,own,1,high qualif/self emp/mgmt,yes,yes,1
983,8229.0,1<=X<4,26.0,own,1,skilled,none,yes,0
984,2028.0,4<=X<7,30.0,own,2,unskilled resident,none,yes,1
985,1433.0,1<=X<4,25.0,rent,2,skilled,none,yes,1
986,6289.0,<1,33.0,own,2,skilled,none,yes,1
987,1409.0,unemployed,64.0,own,1,skilled,none,yes,1
988,6579.0,unemployed,29.0,for free,1,high qualif/self emp/mgmt,yes,yes,1
989,1743.0,>=7,48.0,own,2,unskilled resident,none,yes,1
990,3565.0,<1,37.0,own,2,unskilled resident,none,yes,1
991,1569.0,>=7,34.0,own,1,unskilled resident,none,yes,1
992,1936.0,4<=X<7,23.0,rent,2,unskilled resident,none,yes,1
993,3959.0,unemployed,30.0,own,1,high qualif/self emp/mgmt,yes,yes,1
994,2390.0,>=7,50.0,own,1,skilled,yes,yes,1
995,1736.0,4<=X<7,31.0,own,1,unskilled resident,none,yes,1
996,3857.0,1<=X<4,40.0,own,1,high qualif/self emp/mgmt,yes,yes,1
997,804.0,>=7,38.0,own,1,skilled,none,yes,1
998,1845.0,1<=X<4,23.0,for free,1,skilled,yes,yes,0
999,4576.0,unemployed,27.0,own,1,skilled,none,yes,1
